brand2,raw_model,model2
AION,AION UT 420 STANDARD,AION UT
AION,AION UT 500 PREMIUM,AION UT
AION,AION V 500 PREMIUM,AION V
AION,AION V 505 PREMIUM,AION V
AION,AION V 602 LUXURY,AION V
AION,AION Y PLUS,AION Y
AION,AION Y PLUS 410 PREMIUM,AION Y
AION,AION Y PLUS 490 PREMIUM,AION Y
AION,HYPTEC HT 620 LUXURY,HYPTEC HT
AION,HYPTEC HT 620 PREMIUM,HYPTEC HT
AION,HYPTEC SSR,HYPTEC HT
AION,M8 PHEV PREMIUM,M8
AVATR,AVATR 07 MAX,AVATR 07
AVATR,AVATR 07 ULTRA AWD,AVATR 07
AVATR,AVATR 11 LONG RANGE,AVATR 11
AVATR,AVATR 11 ROYAL EDITION,AVATR 11
AVATR,AVATR 11 STANDARD RANGE,AVATR 11
BYD,ATTO 3 (480KM-ER),BYD ATTO 3
BYD,BYD ATTO 1 PREMIUM,BYD ATTO 1
BYD,BYD ATTO 2 DYNAMIC,BYD ATTO 2
BYD,BYD ATTO 2 PREMIUM,BYD ATTO 2
BYD,BYD ATTO 3 (410KM),BYD ATTO 3
BYD,BYD ATTO3 (410KM-DYNAMIC),BYD ATTO 3
BYD,BYD ATTO3 (410KM-PREMIUM),BYD ATTO 3
BYD,BYD ATTO3 (480KM-EXT),BYD ATTO 3
BYD,BYD DOLPHIN (435KM-STD),BYD DOLPHIN
BYD,BYD DOLPHIN (490KM-EXT),BYD DOLPHIN
BYD,BYD DOLPHIN EXD,BYD DOLPHIN
BYD,BYD DOLPHIN STD,BYD DOLPHIN
BYD,BYD M6 DYNAMIC,BYD M6
BYD,BYD M6 EXTENDED,BYD M6
BYD,BYD SEAL 5 DM-I DYNAMIC,BYD SEAL 5 DM-i
BYD,BYD SEAL 5 DM-I PREMIUM,BYD SEAL 5 DM-i
BYD,BYD SEAL 5 DM-I STANDARD,BYD SEAL 5 DM-i
BYD,BYD SEAL 6 DYNAMIC,BYD SEAL 6
BYD,BYD SEAL 6 PREMIUM,BYD SEAL 6
BYD,BYD SEAL EXD AWD,BYD SEAL
BYD,BYD SEAL EXD RWD,BYD SEAL
BYD,BYD SEAL STD RWD,BYD SEAL
BYD,BYD SEAL U (DMI-PREMIUM),BYD SEAL
BYD,BYD SEALION 6 DM-I DYNAMIC,BYD SEALION 6
BYD,BYD SEALION 6 DM-I PREMIUM,BYD SEALION 6
BYD,BYD SEALION 7 AWD,BYD SEALION 7
BYD,BYD SEALION 7 RWD,BYD SEALION 7
BYD,DOLPHIN (490KM),BYD DOLPHIN
BYD,DOLPHIN FREEDOM,BYD DOLPHIN
BYD,M6 EXTENDED,BYD M6
BYD,SEAL AWD PERFORMANCE,BYD SEAL
BYD,SEALION 6 DM-I,BYD SEALION 6
CHERY,TIGGO8 PHEV 2WD ESTEEM,TIGGO8 PHEV
CHERY,TIGGO8 PHEV 4WD ELITE,TIGGO8 PHEV
CHERY,V23 2WD PLAY,V23
CHERY,V23 2WD PLUS,V23
CHERY,V23 4WD PEAK,V23
DEEPAL + CHANGAN,DEEPAL L07,L07
DEEPAL + CHANGAN,DEEPAL S07,S07
DEEPAL + CHANGAN,E07 PERFORMANCE AWD,E07
DEEPAL + CHANGAN,E07 PLUS,E07
DEEPAL + CHANGAN,L07 S,L07
DEEPAL + CHANGAN,LUMIN L DC,LUMIN
DEEPAL + CHANGAN,S05 MAX,S05 BEV
DEEPAL + CHANGAN,S05 MAX LONG RANGE,S05 BEV
DEEPAL + CHANGAN,S05 PLUS,S05 BEV
DEEPAL + CHANGAN,S05 REEV MAX,S05 REEV
DEEPAL + CHANGAN,S07 L,S07
DEEPAL + CHANGAN,STAR TRUCK 1.0 5MT,STAR TRUCK
DEEPAL + CHANGAN,STAR TRUCK 1.3 5MT,STAR TRUCK
DENZA,DENZA D9 AWD,DENZA D9
DENZA,DENZA D9 FWD,DENZA D9
GWM,GRAND CAT,ORA 07
HONDA,CLICK150I,CLICK 150i
HONDA,PCX150,PCX 150
HONDA,STEPWGN E:HEV AIR,STEP WGN e-HEV AIR
HONDA,STEPWGN E:HEV SPADA,STEP WGN e-HEV SPADA
HONDA,STEPWGN E:HEV SPADA G EX,STEP WGN e-HEV SPADA G EX
HONDA,STEPWGN HYBRID MODULO X 2.0L,STEP WGN HYBRID MODULO X 2.0L
HONDA,STEPWGN SPADA,STEP WGN SPADA
HONDA,STEPWGN SPADA 1.5L,STEP WGN SPADA 1.5L
HONDA,STEPWGN SPADA HYBRID G,STEP WGN SPADA HYBRID G
HONDA,STEPWGN SPADA HYBRID G-EX,STEP WGN SPADA HYBRID G-EX
HONDA,WAVE 110 I,WAVE 110i
HONDA,WAVE 125 I,WAVE 125i
HONDA,WAVE 125i,WAVE 125i
HONDA,WAVE110i,WAVE 110i
HONDA,WAVE125i,WAVE 125i
HYUNDAI,IONIQ5 N,IONIQ5
HYUNDAI,IONIQ5 N LINE,IONIQ5
JAECOO,5 EV LONG RANGE DYNAMIC,5 EV
JAECOO,5 EV LONG RANGE MAX,5 EV
JAECOO,6 EV LONG RANGE 2WD,6 EV
JAECOO,6 EV LONG RANGE 2WD PRO,6 EV
JAECOO,6 EV LONG RANGE 4WD,6 EV
JAECOO,6T EV LONG RANGE 4WD,6 EV
JAECOO,JAECOO 6 EV,6 EV
JUNEYAO,JY AIR PLUS,JY AIR
JUNEYAO,JY AIR STANDARD,JY AIR
KIA,EV9 EARTH LONG RANGE,EV9
KIA,EV9 GT LINE AWD,EV9
KIA,EV9 GT-LINE,EV9
LEAPMOTOR,B10 DESIGN BEV,B10
LEAPMOTOR,B10 LIFE BEV,B10
LEAPMOTOR,B10 STYLE BEV,B10
LEAPMOTOR,C10 EV,C10
LUMIN,CHANGAN LUMIN SWEET,LUMIN
MERCEDES-BENZ,EQB 250,EQB
MERCEDES-BENZ,EQB 250+,EQB
MERCEDES-BENZ,EQE 300,EQE
MERCEDES-BENZ,EQE 300 PREMIUM PLUS,EQE
MERCEDES-BENZ,EQE 350 4MATIC SUV,EQE
MERCEDES-BENZ,EQE 350+,EQE
MERCEDES-BENZ,EQS 450,EQS
MERCEDES-BENZ,EQS 450 4MATIC SUV,EQS
MERCEDES-BENZ,EQS 450 PLUS,EQS
MERCEDES-BENZ,EQS 450+,EQS
MERCEDES-BENZ,EQS 500 4MATIC,EQS
MERCEDES-BENZ,EQS 500 4MATIC SUV,EQS
MG,MG EP PLUS,EP
MG,MG4 XPOWER,MG4 ELECTRIC
MG,MG5 1.5 X,MG5
MINI,ACEMAN SE RHD,Aceman SE
MINI,COOPER ELECTRIC,Cooper SE
MINI,COOPER ELECTRIC LEVEL 3,Cooper SE
MINI,COOPER SE HATCH RHD,Cooper SE
MINI,COOPER SE RHD,Cooper SE
MINI,COUNTRYMAN SE ALL4 RHD,Countryman SE
OMODA,C5 EV LONG RANGE DYNAMIC,C5 EV
OMODA,C5 EV LONG RANGE MAX,C5 EV
OMODA,C5 EV LONG RANGE PLUS,C5 EV
OMODA,C5 EV LONG RANGE ULTIMATE,C5 EV
OMODA,OMODA C5 EV,C5 EV
RIDDARA,HORIZON 4WD,HORIZON
RIDDARA,HORIZON PRO 4WD,HORIZON
RIDDARA,HORIZON PRO 4WD SUNROOF,HORIZON
RIDDARA,RD6 2WD,RD6
RIDDARA,RD6 86KWH 2WD,RD6
RIDDARA,RD6 ECON,RD6
RIDDARA,RD6 PRO 2WD,RD6
TESLA,MODEL 3 LONG RANGE,MODEL 3
TESLA,MODEL 3 LONG RANGE PLUS,MODEL 3
TESLA,MODEL 3 LONG RANGE RWD,MODEL 3
TESLA,MODEL 3 PERFORMANCE,MODEL 3
TESLA,MODEL 3 REAR WHEEL DRIVE,MODEL 3
TESLA,MODEL 3 REAR-WHEEL DRIVE,MODEL 3
TESLA,MODEL 3 RWD,MODEL 3
TESLA,MODEL 3 STANDARD,MODEL 3
TESLA,MODEL 3 STANDARD PLUS,MODEL 3
TESLA,MODEL 3 STANDARD PLUS RWD,MODEL 3
TESLA,MODEL 3 STANDARD RANGE,MODEL 3
TESLA,MODEL 3 STANDARD RANGE PLUS,MODEL 3
TESLA,MODEL S LONG RANGE,MODEL S
TESLA,MODEL S PERFORMANCE,MODEL S
TESLA,MODEL X 100D,MODEL X
TESLA,MODEL X LONG RANGE,MODEL X
TESLA,MODEL X LONG RANGE PLUS,MODEL X
TESLA,MODEL X PERFORMANCE,MODEL X
TESLA,MODEL Y L,MODEL Y
TESLA,MODEL Y LONG RANGE,MODEL Y
TESLA,MODEL Y LONG RANGE DUAL MOTOR,MODEL Y
TESLA,MODEL Y LONG RANGE RWD,MODEL Y
TESLA,MODEL Y PERFORMANCE,MODEL Y
TESLA,MODEL Y REAR WHEEL DRIVE,MODEL Y
TESLA,MODEL Y REAR-WHEEL DRIVE,MODEL Y
TESLA,MODEL Y RWD,MODEL Y
TESLA,MODEL Y STANDARD,MODEL Y
TESLA,MODEL Y STANDARD RANGE,MODEL Y
TESLA,MODEL3 LONG RANGE PER,MODEL 3
TESLA,MODEL3 LONG RANGE PERFORMANCE,MODEL 3
VOLVO,EX30 ULTRA SINGLE MOTOR,EX30
VOLVO,XC40 RECHARGE,XC40
WULING,AIR EV LR,Air EV
WULING,AIR EV SR,Air EV
WULING,BINGOU SRD,Bingou
WULING,BINGOU SRDTH CCS2,Bingou
WULING,BINGUO SRD,Bingou
WULING,BINGUO SRDTH,Bingou
XPENG,G6 AWD PERFORMANCE,G6
XPENG,G6 LONG RANGE,G6
XPENG,G6 RWD LONG RANGE,G6
XPENG,G6 RWD STANDARD RANGE,G6
XPENG,G6 STANDARD RANGE,G6
XPENG,X9 AWD LONG RANGE,X9
XPENG,X9 FWD LONG RANGE,X9
XPENG,X9 FWD STANDARD RANGE,X9
XPENG,X9 LONG RANGE,X9
XPENG,X9 LONG RANGE(EXECUTIVE),X9
XPENG,X9 LONG RANGE(LUXURY),X9
XPENG,X9 STANDARD RANGE,X9
ZEEKR,X FLAGSHIP,ZEEKR X
