Brand,รุ่นรถ,รุ่นรถ2,Powertrain,include_in_bev_model_report
AION,AION ES,AION ES,BEV Major,true
AION,AION UT 420 STANDARD,AION UT,BEV Major,true
AION,AION UT 500 PREMIUM,AION UT,BEV Major,true
AION,AION V 500 PREMIUM,AION V,BEV Major,true
AION,AION V 505 PREMIUM,AION V,BEV Major,true
AION,AION V 602 LUXURY,AION V,BEV Major,true
AION,AION Y PLUS,AION Y,BEV Major,true
AION,AION Y PLUS 410 PREMIUM,AION Y,BEV Major,true
AION,AION Y PLUS 490 PREMIUM,AION Y,BEV Major,true
AION,HYPTEC HT 620 LUXURY,HYPTEC HT,BEV Major,true
AION,HYPTEC HT 620 PREMIUM,HYPTEC HT,BEV Major,true
AION,HYPTEC SSR,HYPTEC HT,BEV Major,true
GAC,AION S,AION S,BEV Major,true
GAC,M8 PHEV PREMIUM,M8,OTH,false
AVATR,AVATR 07 MAX,AVATR 07,BEV Major,true
AVATR,AVATR 07 ULTRA AWD,AVATR 07,BEV Major,true
AVATR,AVATR 11 ROYAL EDITION,AVATR 11,BEV Major,true
AVATR,AVATR 11 LONG RANGE,AVATR 11,BEV Major,true
AVATR,AVATR 11 STANDARD RANGE,AVATR 11,BEV Major,true
BYD,BYD ATTO 1 PREMIUM,BYD ATTO 1,BEV Major,true
BYD,BYD ATTO 1 DYNAMIC,BYD ATTO 1,BEV Major,true
BYD,BYD ATTO 2 PREMIUM,BYD ATTO 2,BEV Major,true
BYD,BYD ATTO 2 DYNAMIC,BYD ATTO 2,BEV Major,true
BYD,BYD ATTO 3,BYD ATTO 3,BEV Major,true
BYD,BYD ATTO 3 (410KM),BYD ATTO 3,BEV Major,true
BYD,BYD ATTO3 (410KM-DYNAMIC),BYD ATTO 3,BEV Major,true
BYD,BYD ATTO3 (410KM-PREMIUM),BYD ATTO 3,BEV Major,true
BYD,BYD ATTO3 (480KM-EXT),BYD ATTO 3,BEV Major,true
BYD,BYD DOLPHIN (435KM-STD),BYD DOLPHIN,BEV Major,true
BYD,BYD DOLPHIN (490KM-EXT),BYD DOLPHIN,BEV Major,true
BYD,BYD DOLPHIN EXD,BYD DOLPHIN,BEV Major,true
BYD,BYD DOLPHIN STD,BYD DOLPHIN,BEV Major,true
BYD,BYD M6 DYNAMIC,BYD M6,BEV Major,true
BYD,BYD M6 EXTENDED,BYD M6,BEV Major,true
BYD,BYD SEAL 5 DM-i,BYD SEAL 5 DM-i,OTH,false
BYD,BYD SEAL 5 DM-i PREMIUM,BYD SEAL 5 DM-i,OTH,false
BYD,BYD SEAL 5 DM-i STANDARD,BYD SEAL 5 DM-i,OTH,false
BYD,BYD SEAL 5 DM-i DYNAMIC,BYD SEAL 5 DM-i,OTH,false
BYD,BYD SEAL 6 PREMIUM,BYD SEAL 6,BEV Major,true
BYD,BYD SEAL 6 DYNAMIC,BYD SEAL 6,BEV Major,true
BYD,BYD SEAL EXD AWD,BYD SEAL,BEV Major,true
BYD,BYD SEAL EXD RWD,BYD SEAL,BEV Major,true
BYD,BYD SEAL STD RWD,BYD SEAL,BEV Major,true
BYD,BYD SEAL U (DMI-PREMIUM),BYD SEAL,BEV Major,true
BYD,BYD SEALION 6,BYD SEALION 6,OTH,false
BYD,BYD SEALION 6 DM-i DYNAMIC,BYD SEALION 6,OTH,false
BYD,BYD SEALION 6 DM-i PREMIUM,BYD SEALION 6,OTH,false
BYD,BYD SEALION 7 AWD,BYD SEALION 7,BEV Major,true
BYD,BYD SEALION 7 RWD,BYD SEALION 7,BEV Major,true
BYD,DOLPHIN FREEDOM,BYD DOLPHIN,BEV Major,true
BYD,E6,E6,BEV Major,true
BYD,M3,M3,BEV Major,true
BYD,T3,T3,BEV Major,true
BYD,TANG EV,TANG EV,BEV Major,true
CHERY,EQ1,EQ1,BEV Major,true
CHERY,Tiggo 2.0,Tiggo 2.0,BEV Major,true
CHERY,V23 2WD PLAY,V23,BEV Major,true
CHERY,V23 2WD PLUS,V23,BEV Major,true
CHERY,V23 4WD PEAK,V23,BEV Major,true
CHERY,TIGGO8 PHEV 2WD ESTEEM,TIGGO8 PHEV,OTH,false
CHERY,TIGGO8 PHEV 4WD ELITE,TIGGO8 PHEV,OTH,false
Deepal+ChangAn,E07 PERFORMANCE AWD,E07,BEV Major,true
Deepal+ChangAn,E07 PLUS,E07,BEV Major,true
Deepal+ChangAn,HUNTER K50,HUNTER K50,OTH,false
Deepal+ChangAn,L07,L07,BEV Major,true
Deepal+ChangAn,L07 S,L07,BEV Major,true
Deepal+ChangAn,LUMIN,LUMIN,BEV Major,true
Deepal+ChangAn,LUMIN L DC,LUMIN,BEV Major,true
Deepal+ChangAn,S05 MAX LONG RANGE,S05 BEV,BEV Major,true
Deepal+ChangAn,S05 MAX,S05 BEV,BEV Major,true
Deepal+ChangAn,S05 PLUS,S05 BEV,BEV Major,true
Deepal+ChangAn,S05 REEV MAX,S05 REEV,OTH,false
Deepal+ChangAn,S07,S07,BEV Major,true
Deepal+ChangAn,S07 L,S07,BEV Major,true
Deepal+ChangAn,STAR TRUCK 1.0 5MT,STAR TRUCK,BEV Major,true
Deepal+ChangAn,STAR TRUCK 1.3 5MT,STAR TRUCK,BEV Major,true
DENZA,DENZA D9 AWD,DENZA D9,BEV Major,true
DENZA,DENZA D9 FWD,DENZA D9,BEV Major,true
GEELY,EX2,EX2,BEV Major,true
GEELY,EX5,EX5,BEV Major,true
GEELY,GALAXY E5,GALAXY E5,BEV Major,true
GWM,GOOD CAT,GOOD CAT,BEV Major,true
GWM,GRAND CAT,ORA 07,BEV Major,true
GWM,ORA 07,ORA 07,BEV Major,true
GWM,POER,POER,BEV Major,true
GWM,POER SAHAR,POER SAHAR,BEV Major,true
HONDA,e:N1,e:N1,BEV Major,true
HYUNDAI,IONIQ EV,IONIQ EV,BEV Major,true
HYUNDAI,IONIQ5,IONIQ5,BEV Major,true
HYUNDAI,IONIQ5 N,IONIQ5,BEV Major,true
HYUNDAI,IONIQ5 N LINE,IONIQ5,BEV Major,true
HYUNDAI,IONIQ6,IONIQ6,BEV Major,true
JAECOO,5 EV Long Range Dynamic,5 EV,BEV Major,true
JAECOO,5 EV Long Range Max,5 EV,BEV Major,true
JAECOO,6 EV Long Range 2WD,6 EV,BEV Major,true
JAECOO,6 EV Long Range 2WD PRO,6 EV,BEV Major,true
JAECOO,6 EV Long Range 4WD,6 EV,BEV Major,true
JAECOO,6T EV Long Range 4WD,6 EV,BEV Major,true
JAECOO,7 SHS Max,7 SHS Max,OTH,false
JUNEYAO,JY AIR Plus,JY AIR,BEV Major,true
JUNEYAO,JY AIR Standard,JY AIR,BEV Major,true
KIA,EV5,EV5,BEV Major,true
KIA,EV6,EV6,BEV Major,true
KIA,EV9 EARTH LONG RANGE,EV9,BEV Major,true
KIA,EV9 GT LINE AWD,EV9,BEV Major,true
KIA,EV9 GT-LINE,EV9,BEV Major,true
LEAPMOTOR,B10 Design BEV,B10,BEV Major,true
LEAPMOTOR,B10 Life BEV,B10,BEV Major,true
LEAPMOTOR,B10 Style BEV,B10,BEV Major,true
LEAPMOTOR,C10 EV,C10,BEV Major,true
LEXUS,RZ450E,RZ450E,BEV Major,true
LEXUS,UX250h,UX250h,BEV Major,true
LEXUS,UX300E,UX300E,BEV Major,true
LEXUS,UX300H,UX300H,BEV Major,true
LUMIN,CHANGAN LUMIN SWEET,LUMIN,BEV Major,true
MERCEDES BENZ,EQB 250,EQB,BEV,false
MERCEDES BENZ,EQB 250+,EQB,BEV,false
MERCEDES BENZ,EQE 300,EQE,BEV,false
MERCEDES BENZ,EQE 300 PREMIUM PLUS,EQE,BEV,false
MERCEDES BENZ,EQE 350 4MATIC SUV,EQE,BEV,false
MERCEDES BENZ,EQE 350+,EQE,BEV,false
MERCEDES BENZ,EQS 450,EQS,BEV,false
MERCEDES BENZ,EQS 450 4MATIC SUV,EQS,BEV,false
MERCEDES BENZ,EQS 450 PLUS,EQS,BEV,false
MERCEDES BENZ,EQS 450+,EQS,BEV,false
MERCEDES BENZ,EQS 500 4MATIC,EQS,BEV,false
MERCEDES BENZ,EQS 500 4MATIC SUV,EQS,BEV,false
MINI,Aceman SE RHD,Aceman SE,BEV,false
MINI,COOPER ELECTRIC,Cooper SE,BEV,false
MINI,COOPER ELECTRIC LEVEL 3,Cooper SE,BEV,false
MINI,Cooper SE Hatch RHD,Cooper SE,BEV,false
MINI,Cooper SE RHD,Cooper SE,BEV,false
MINI,Countryman SE ALL4 RHD,Countryman SE,BEV,false
MINI,ELECTRIC CONVERTIBLE,ELECTRIC CONVERTIBLE,BEV,false
MINI,JCW Aceman E,JCW Aceman E,BEV,false
MINI,JCW E,JCW E,BEV,false
NETA,NETA V,NETA V,BEV Major,true
NETA,NETA V-II,NETA V-II,BEV Major,true
NETA,NETA X,NETA X,BEV Major,true
NISSAN,LEAF,LEAF,BEV,false
OMODA,C5 EV Long Range Dynamic,C5 EV,BEV Major,true
OMODA,C5 EV Long Range Max,C5 EV,BEV Major,true
OMODA,C5 EV Long Range Plus,C5 EV,BEV Major,true
OMODA,C5 EV Long Range Ultimate,C5 EV,BEV Major,true
RIDDARA,HORIZON 4WD,HORIZON,BEV Major,true
RIDDARA,HORIZON PRO 4WD,HORIZON,BEV Major,true
RIDDARA,HORIZON PRO 4WD SUNROOF,HORIZON,BEV Major,true
RIDDARA,RD6 2WD,RD6,BEV Major,true
RIDDARA,RD6 86KWH 2WD,RD6,BEV Major,true
RIDDARA,RD6 ECON,RD6,BEV Major,true
RIDDARA,RD6 PRO 2WD,RD6,BEV Major,true
TESLA,MODEL 3,MODEL 3,BEV Major,true
TESLA,MODEL 3 LONG RANGE,MODEL 3,BEV Major,true
TESLA,MODEL 3 LONG RANGE PLUS,MODEL 3,BEV Major,true
TESLA,Model 3 Long Range RWD,MODEL 3,BEV Major,true
TESLA,MODEL 3 PERFORMANCE,MODEL 3,BEV Major,true
TESLA,MODEL 3 REAR WHEEL DRIVE,MODEL 3,BEV Major,true
TESLA,Model 3 Rear-Wheel Drive,MODEL 3,BEV Major,true
TESLA,MODEL 3 RWD,MODEL 3,BEV Major,true
TESLA,MODEL 3 STANDARD,MODEL 3,BEV Major,true
TESLA,MODEL 3 STANDARD PLUS,MODEL 3,BEV Major,true
TESLA,MODEL 3 STANDARD PLUS RWD,MODEL 3,BEV Major,true
TESLA,MODEL 3 STANDARD RANGE,MODEL 3,BEV Major,true
TESLA,MODEL 3 STANDARD RANGE PLUS,MODEL 3,BEV Major,true
TESLA,MODEL S LONG RANGE,MODEL S,BEV Major,true
TESLA,MODEL S PERFORMANCE,MODEL S,BEV Major,true
TESLA,MODEL X 100D,MODEL X,BEV Major,true
TESLA,MODEL X LONG RANGE,MODEL X,BEV Major,true
TESLA,MODEL X LONG RANGE PLUS,MODEL X,BEV Major,true
TESLA,MODEL X PERFORMANCE,MODEL X,BEV Major,true
TESLA,MODEL Y LONG RANGE,MODEL Y,BEV Major,true
TESLA,MODEL Y LONG RANGE DUAL MOTOR,MODEL Y,BEV Major,true
TESLA,MODEL Y PERFORMANCE,MODEL Y,BEV Major,true
TESLA,MODEL Y REAR WHEEL DRIVE,MODEL Y,BEV Major,true
TESLA,Model Y Rear-Wheel Drive,MODEL Y,BEV Major,true
TESLA,MODEL Y RWD,MODEL Y,BEV Major,true
TESLA,MODEL Y STANDARD,MODEL Y,BEV Major,true
TESLA,MODEL Y STANDARD RANGE,MODEL Y,BEV Major,true
TESLA,MODEL3 LONG RANGE PER,MODEL 3,BEV Major,true
TESLA,MODEL3 LONG RANGE PERFORMANCE,MODEL 3,BEV Major,true
TESLA,Model Y L,MODEL Y,BEV Major,true
TESLA,Model Y Long Range RWD,MODEL Y,BEV Major,true
TOYOTA,BZ4X,BZ4X,BEV Major,true
VOLVO,EC40,EC40,BEV,false
VOLVO,EX30,EX30,BEV,false
VOLVO,EX40,EX40,BEV,false
VOLVO,EX90,EX90,BEV,false
WULING,Air EV LR,Air EV,BEV Major,true
WULING,Air EV SR,Air EV,BEV Major,true
WULING,Bingou SRD,Bingou,BEV Major,true
WULING,Bingou SRDTH CCS2,Bingou,BEV Major,true
WULING,Binguo SRD,Bingou,BEV Major,true
WULING,Binguo SRDTH,Bingou,BEV Major,true
XIAOMI,SU7 MAX,SU7 MAX,BEV Major,true
XPENG,G6 AWD Performance,G6,BEV Major,true
XPENG,G6 LONG RANGE,G6,BEV Major,true
XPENG,G6 RWD Long Range,G6,BEV Major,true
XPENG,G6 RWD Standard Range,G6,BEV Major,true
XPENG,G6 STANDARD RANGE,G6,BEV Major,true
XPENG,X9 LONG RANGE,X9,BEV Major,true
XPENG,X9 LONG RANGE(EXECUTIVE),X9,BEV Major,true
XPENG,X9 LONG RANGE(LUXURY),X9,BEV Major,true
XPENG,X9 STANDARD RANGE,X9,BEV Major,true
XPENG,X9 AWD LONG RANGE,X9,BEV Major,true
XPENG,X9 FWD LONG RANGE,X9,BEV Major,true
XPENG,X9 FWD STANDARD RANGE,X9,BEV Major,true
ZEEKR,ZEEKR 009,ZEEKR 009,BEV Major,true
ZEEKR,ZEEKR 7X,ZEEKR 7X,BEV Major,true
ZEEKR,ZEEKR X,ZEEKR X,BEV Major,true
MG,CYBERSTER,CYBERSTER,BEV Major,true
MG,EP,EP,BEV Major,true
MG,ES,ES,BEV Major,true
MG,HS,HS,OTH,false
MG,HS PHEV,HS PHEV,OTH,false
MG,IM5,IM5,BEV Major,true
MG,IM6,IM6,BEV Major,true
MG,MAXUS 7,MAXUS 7,BEV Major,true
MG,MAXUS 9,MAXUS 9,BEV Major,true
MG,MG EXTENDER,MG EXTENDER,OTH,false
MG,MG3,MG3,OTH,false
MG,MG4 ELECTRIC,MG4 ELECTRIC,BEV Major,true
MG,MG5,MG5,OTH,false
MG,MG6,MG6,OTH,false
MG,NEW MG3,NEW MG3,OTH,false
MG,S5 EV,S5 EV,BEV Major,true
MG,V80,V80,OTH,false
MG,VS HEV,VS HEV,OTH,false
MG,ZS,ZS,OTH,false
MG,ZS EV,ZS EV,BEV Major,true
MG,ZS1,ZS1,OTH,false
